{"svc_rbf": 0.1875, "linsvc": 0.25, "polysvc_5": 0.15625, "polysvc_3": 0.15625, "svc_sigmoid": 0.15625, "polysvc_9": 0.15625}