{"svc_sigmoid": 0.10380208333333334, 
"polysvc_10": 0.10380208333333334, 
"linsvc": 0.29895833333333333, 
"polysvc_4": 0.10354166666666667, 
"polysvc_5": 0.10380208333333334, 
"polysvc_6": 0.10395833333333333, 
"polysvc_7": 0.10380208333333334, 
"svc_rbf": 0.31947916666666665, 
"polysvc_2": 0.10401041666666666, 
"polysvc_3": 0.10369791666666667, 
"polysvc_8": 0.10380208333333334, 
"polysvc_9": 0.10380208333333334}